{
  "projectName" : "OAEI",
  "moduleFile" : "in/oaei_conf_module.owl",
  "sources" :
  [
    {
      "name" : "EKAW",
      "baseUri" : "http://ekaw#",
      "spIn" : "http://amarger.murloc.fr:8080/EKAW-out/",
      "sourceQuality" : 1.0
    },
    {
      "name" : "iasted",
      "baseUri" : "http://iasted#",
      "spIn" : "http://amarger.murloc.fr:8080/iasted-out/",
      "sourceQuality" : 1.0
    },
    {
      "name" : "cmt",
      "baseUri" : "http://cmt#",
      "spIn" : "http://amarger.murloc.fr:8080/cmt-out/",
      "sourceQuality" : 1.0
    },
    {
      "name" : "conference",
      "baseUri" : "http://conference#",
      "spIn" : "http://amarger.murloc.fr:8080/conference-out/",
      "sourceQuality" : 1.0
    },
    {
      "name" : "confOf",
      "baseUri" : "http://confOf#",
      "spIn" : "http://amarger.murloc.fr:8080/confof-out/",
      "sourceQuality" : 1.0
    },
    {
      "name" : "edas",
      "baseUri" : "http://edas#",
      "spIn" : "http://amarger.murloc.fr:8080/edas-out/",
      "sourceQuality" : 1.0
    },
    {
      "name" : "sigkdd",
      "baseUri" : "http://sigkdd#",
      "spIn" : "http://amarger.murloc.fr:8080/sigkdd-out/",
      "sourceQuality" : 1.0
    }
  ],
  "relImps" :
  [
    "http://muskca_evals/hasAuthor",
    "http://muskca_evals/reviewWrittenBy",
    "http://www.w3.org/1999/02/22-rdf-syntax-ns#type"
  ],
  "labelRelImps" :
  [
  ],
  "uriTypeBase" : "http://muskca_evals/",
  "uriTypeImps" : 
  [
  	"http://muskca_evals/Comitee",
    "http://muskca_evals/Event",
    "http://muskca_evals/Location",
    "http://muskca_evals/Paper",
    "http://muskca_evals/Person",
    "http://muskca_evals/Author",
    "http://muskca_evals/Speaker",
    "http://muskca_evals/Chair_PC",
    "http://muskca_evals/Banquet",
    "http://muskca_evals/Conference",
    "http://muskca_evals/Trip",
    "http://muskca_evals/Attendee",
    "http://muskca_evals/Reception",
    "http://muskca_evals/City",
    "http://muskca_evals/ProgramComitee",
    "http://muskca_evals/Review"
  ],
  "output" :
  {
    "spOutProvo" : "http://amarger.murloc.fr:8080/OAEI_allcands_AutoMap/",
    "provoFile" : "in/prov-o.owl",
    "baseUri" : "http://muskca_system.fr/"
  },
  "aligner" : "logmap2",
  "threshold" : 0.0,
  "x0" : 3.5,
  "gamma" : 3.5
}
